Just 12 more days, and our lives will begin, https://i.redd.it/9oiwdodbilg31.jpg
Blizzard added a Thex NPC to retail!, https://i.redd.it/br40nn345hg31.png
Everyone in this Subreddit right now, https://i.redd.it/ig4cpkh4c7g31.jpg
Blessed be the Paladins, https://i.redd.it/rzr69wqr7uf31.jpg
LF1 DPS, https://i.redd.it/sticcssb9ag31.jpg
Now That We All Have Our Names Reserved, https://i.redd.it/ljrctv8h28g31.jpg
Pope Francis blessing the Blizzard servers minutes before the name release. [Circa - 2019, Colorized], https://i.redd.it/thwh8b3bt8g31.jpg
The Virgin Asmongold vs the Chad Alexensual, https://i.imgur.com/UQOT4zg.png
Got my name before someone snagged it!, https://i.redd.it/vudla6eg64g31.png
Better luck next time guys., https://i.imgur.com/Wc8uhR4.jpg
Herod, https://i.redd.it/uq3up6mp7hf31.jpg
Everyone today..., https://i.redd.it/zj7q2w0z34g31.jpg
This will separate the men from the boys, https://i.redd.it/5e4sy3zm4hg31.jpg
When your reserve name "contains mature language" and you have to compromise, https://i.redd.it/j05mkosf14g31.jpg
God I've missed interactions like these, https://i.redd.it/7720x79u0ff31.png
Why you want to avoid streamer servers, https://imgur.com/a/m9iPgjp
Lol Came across this meme thought it was pretty funny, https://i.redd.it/52xgorr09ag31.jpg
This goes out to all the girlfriend/boyfriends who don’t play come August 27th, https://i.redd.it/goscpeouccg31.jpg
MFW someone asks which US PvP server will be the best, https://i.imgur.com/RUTlGiU.jpg
Everyone after yesterday, https://i.redd.it/d7zev55c0ag31.jpg
Prepare your self!, https://i.redd.it/4epz69objng31.jpg
Keep fighting!, https://i.redd.it/09patzcvg7g31.png
Back to some perfect classic profits!, https://i.redd.it/tfvhituoopf31.png
This final wait is killing me, https://i.redd.it/bckjwg2jb8g31.png
I [Warlock] like to razz my friend [Hunter], https://i.redd.it/fytypgbqimf31.jpg
Me getting back together with the boys and rolling on Herod, https://i.redd.it/f9lc5ve3v7g31.png
how i feel these days, https://i.redd.it/yuohzpormmg31.jpg
Thanks for pointing out the obvious Blizzard..., https://i.redd.it/hbs9a36cz3g31.jpg
DAMN YOU TODD HOWARD!, https://i.redd.it/w3xib29esef31.jpg
Reddit after the name selection, https://i.redd.it/io0fryx07ag31.png
In honor of France's new home : Auberdine !, https://i.redd.it/otui1mn3zzf31.png
Trying to pick a East Coast server between Streamers/BR/Spanish community...Blizz like-, https://i.redd.it/5w5nmodhpmf31.jpg
Me and the boys leveling up, https://i.redd.it/4cgmgf8ww2g31.png
"I refuse to re-roll", https://i.redd.it/4grajvnybeg31.jpg
Now that I've gotten my name reserved, https://i.redd.it/nsprv6vp74g31.png
me happy orc :), https://i.redd.it/x7o9hh9n94g31.png
Me showing my after-cata friends the Stormwind Park yesterday, https://i.redd.it/sqzu275hldf31.jpg
Happy Name Reservation Day, https://imgur.com/L8iqpiM
It's going to be a long couple of weeks, https://i.redd.it/gzmv6z02r7g31.png
See you on the 27th., https://i.redd.it/3yym2f9kjnf31.jpg
Lucifron PvP already looking fresh. Our new German home., https://i.redd.it/e3zb8xhws0g31.png
When you can't tell if OneBag is working because you only have one bag., https://i.redd.it/gvf8api4vmf31.jpg
Made my first meme after playing the stress test, https://i.redd.it/i4lgq4a10nf31.jpg
We doing ret pally memes now?, https://i.redd.it/ixkvt2kfedg31.jpg
Selling the name Thex, for 1 BILLION DOLLARS, https://i.redd.it/zgglg2aq06g31.jpg
[OC]Me and the boys getting ready to go home, https://i.redd.it/0q21yk365ff31.jpg
All hail the Magic Conch!, https://i.redd.it/qwn4998g8bg31.png
Grob Mob, https://i.redd.it/cvxj1kx8rag31.png
this will trigger em, https://imgur.com/kXo2SuH
In honor of Australia’s new Home - Arugal, https://i.redd.it/lmqjq38evmf31.jpg
Virgin Shazzrah vs Chad Golemagg, https://i.redd.it/1cpih0jxn0g31.png
Picking an EU PVP server, https://i.redd.it/ai8yeqtc2eg31.jpg
Logging in at zero hour, https://imgur.com/tyt4nnE.jpg
Was watching South park and found a WoW reference i never noticed before, https://i.redd.it/3r46jo6uwgf31.png
The pain is real, F in comments, https://i.imgur.com/kUfU2G5.jpg
But maybe these new players are the ones the prophecy foretold of., https://i.redd.it/sno4jrqfu9g31.png
Grob_irl, https://i.redd.it/ldzchuphxgg31.jpg
While everyone was distracted by Classic's test, I became Warchief, https://i.redd.it/07fmn1u63hf31.jpg
Now, this is what gold should look like!, https://i.redd.it/1gtvwi6bgng31.jpg
I can honestly admit to being guilty of this personally., https://i.redd.it/79jld3jf8eg31.jpg
Hunters of Azeroth, Unite!, https://i.redd.it/iymxqnqtfhg31.png
Even though his pride was hurt, he refused to give up his mission., https://i.redd.it/lv06rcsz5vf31.png
Most r/classicwow posts in a nutshell, https://i.redd.it/3v7ea83bo8g31.png
When people try to tell me Paladin is trash because Ret doesn't do competitive DPS, https://i.redd.it/2pa1rowheqf31.png
Azshara?, https://i.redd.it/5dfpx9jypcg31.jpg
The virgin Retail vs. the Chad Classic., https://i.redd.it/quceevzkobg31.png
I prefer a real vanilla WoW experience, https://i.imgur.com/EmV5wO3.jpg
The name reservation experience., https://i.redd.it/ubw6nt29t3g31.png
Everyone's excited for Classic!!, https://i.redd.it/wkxm8yypa8g31.jpg
Classic isn't out yet and I already got Kicked, Banned and Unbanned in the same day..., https://i.imgur.com/UM3r342.png
[OC] the virgin plate vs the chad bear, https://imgur.com/12mv5ad
With all of these hybrid questions..., https://i.redd.it/jwzwkuvfmmg31.jpg
Kiss away the pain, https://i.redd.it/52mr3euo1gg31.jpg
the name reservation that was promised, https://i.redd.it/cfvoeym9t3g31.png
Life Feels Pointless, https://i.redd.it/gb7kpd16q7g31.png
I meant well, https://i.redd.it/nlh0dsncowf31.jpg
Trying to Connect with an Old Friend, https://i.redd.it/oxyik4zjd2g31.jpg
All my friends and I got our names reserved today, https://i.redd.it/31xbc4a3vig31.jpg
What the community is thinking of Blizzard after finding out about the low number of realms, https://imgur.com/gallery/hixrMnI
<nods in blind, unquestioning agreement>, https://i.redd.it/dbbreqikr8g31.jpg
Herod server is best server!, https://i.redd.it/efwqyn95r4g31.jpg
meta, https://i.redd.it/2pdo8csp0ag31.jpg
I'm so PUMPED I GOT MY NAME., https://i.redd.it/2mmz1udx0ag31.jpg
The real #NoChanges experience., https://i.redd.it/0r7m3vssi0g31.jpg
Blizzard's self-awareness is topnotch, https://i.redd.it/c2wxwhywb7g31.png
Battle of the streamers, https://i.redd.it/4fsmiqwap7g31.png
The cast bar in beta seems to be VERY happy opening Cactus Apples, https://i.redd.it/wdrt182umhg31.png
Against the Power of Fairbanks there can be no Victory. TO WAR!, https://i.redd.it/nezlt9dmd8g31.png
Welcome, to WoW Classic!, https://i.redd.it/8er4lmrmpnf31.png
Jaina read wowhead frost mage guide, choose Classic over BFA, https://i.redd.it/oq1pip6hr4g31.jpg
Me when Classic comes out (took me way too long to photoshop this...), https://i.imgur.com/aFPGYN4.png
Eu Needs It More Guys, https://i.redd.it/vnac47az8dg31.jpg
As a holy pally who played vanilla, I approve this, holy paladin is kind of redundant, get your pink dress on and buff the raid!!, https://i.redd.it/yc3t8m6ia9g31.jpg
Layering will literally kill you out of nowhere, https://i.redd.it/sgrsjk37m4g31.png
As we inch closer and closer, this is all that plays in my head, https://i.redd.it/sa7yyz5pbjg31.jpg
Made Something to Help Convince Guild that Whitemane Server > Fairbanks., https://imgur.com/O57jHs3
When You See Everyone Fighting Over Herod And Faerlina But Your Rolling On Fairbanks, https://i.redd.it/bjteklxk4bg31.png
"World First" Thrall Punch. 8/9/2019, https://i.redd.it/u8tcoftfwif31.jpg
The King of the North, https://i.redd.it/j3q8ef4cu5g31.jpg
After staying up all night trying to get at least 1/3 of your name reservation choices., https://i.redd.it/1fa5o9vrp6g31.jpg
MFW I have a good name on Shazzrah, but my friends are rerolling to Gehennas tonight. And I'm working a late shift., https://i.redd.it/hmcufl9yfgg31.jpg
Gonna rock out like it's 2004., https://i.redd.it/j8w9wuz1mbf31.png
Threads Today on classicwow, https://i.redd.it/ea4teagia7g31.jpg
And so it begins..., https://i.imgur.com/ajf6mQX.png
Sage advice from the annals of history, https://i.redd.it/5lsea3nv4gg31.jpg
Don't be a SLOB. Take what you want and give nothing back! Join the best RP server and get involved in the true Classic WoW experience! Become a Bloodsail Bucc!!, https://i.redd.it/ltbdd9454nf31.png
Kung in the north, https://i.redd.it/sp0p2mprd7g31.jpg
People playing the standard version of WoW while we're here waiting for the E N H A N C E D version, https://i.redd.it/7h5kas2im1g31.jpg
Yeah... REAL mature., https://i.redd.it/iz4jqwgsu4g31.png
So who’s joining the diverse server of Colemagg? Swolemagg gang rise up! That pencilneck Shazzrah and the coalition-try-hard bois will get stomped by a boss that actually lifts!, https://i.redd.it/yn0bn6e2vzf31.jpg
My friend is practicing getting used to not having transmog. I think he's spot on., https://i.redd.it/mm5gnijcm2g31.jpg
Say hi to our chosen "Hungarian" server!, https://i.redd.it/c6s31rxztng31.png
the simpsons predicted WoW Classic, https://i.redd.it/ea1cjpk0bhg31.jpg
Thalnos (PVP) new brazilian home. Hate it or love it., https://i.redd.it/y3bme0p033g31.jpg
Forget Streamers and Brazilians - I found grass clipping through Dwarven masonry. Literally unplayable., https://i.redd.it/f9fpljtjxwf31.png
Well, Guess I Used All of My Luck Up Before Release..., https://i.redd.it/d648gjozfcf31.png
Smoldering remains of NA RP servers, 2019, https://i.imgur.com/iuP8Zy9.jpg
Dem female trolls, mon, https://i.redd.it/dv0foyxsmng31.jpg
C'mon Bom'bay, work your magic..., https://imgur.com/a/1ZKlFAd
My Classic naming experience, but unironically, https://i.redd.it/g5y22gp2n5g31.png
Those of us looking for Eastern NA PVP servers when streamers take Herod and South America takes Thalnos, https://i.redd.it/ngsur7ettlf31.png
KNUG IN THE NORTH, https://i.redd.it/8vbph7en5gg31.jpg
I made a quick Flowchart for anyone debating to switch to the new Realm Gehennas., https://i.redd.it/82j8nepa8eg31.png
When you realize the server name Herod is an anagram for Horde, https://imgur.com/a/pIiyFQF
Pagle Needs The Horde!, https://imgur.com/znH7Gqq
Shazzrah EU-PvP, https://gfycat.com/RadiantNimbleAppaloosa
Fine, ill do it myself., https://imgur.com/zuHrcyI
[3. Local Area Defense] The Crossroads is under attack!, https://i.redd.it/ju31nbd5e7g31.jpg
I felt a little left out of the Australian oceanic post. Shout out to the kiwi classic players on Argual (meme credit: Ralstovy)., https://imgur.com/qJZvg7i
In Line for Garrick Padfoot's Head!, https://i.redd.it/lwdm3na24ff31.jpg
A ret pallys purpose, https://imgur.com/nf1ZzPt.jpg
This is going to be great!, https://i.redd.it/4z0di57pnng31.jpg
Choosing an EU PvP server be like.., https://i.redd.it/8ftkj0eydzf31.gif
You think you do, but you don't?, https://i.imgur.com/QsyBbXu.png
Don't tell the elf!, https://i.redd.it/abjpocyjh5g31.png
The only way to log out at an Inn., https://i.redd.it/dc9rbsaeoxf31.jpg
Virgin Pyrewood Villager vs Chad Mirage Racer, https://i.redd.it/vc7lqc23c5g31.png
Well... Guess I'm playing Prot., https://i.redd.it/z7m5hbbw04g31.jpg
The hero Azeroth deserves., https://i.redd.it/xp6v0tkhwcf31.jpg
When the choices for EST PVP servers are between Ragnaros 2.0, Fanboy Faerlina or Can't Log-in Herod.., https://i.redd.it/h9qbsv8799g31.png
Herod, https://imgur.com/vQwWWdg
MFW everyone complains about full PVP servers., https://i.redd.it/fh6hdhvaekg31.jpg
The real nature of Classic!, https://i.imgur.com/xSjuLgn.jpg
WTB gf on Aug 27 :,(, https://i.redd.it/4hwpfzkmijg31.jpg
You came to the wrong neighborhood., https://i.redd.it/a2ko9j17qfg31.jpg
For all of us last night, https://i.redd.it/7o1k0vddb7g31.png
When you were an hour late to reserve your name, https://imgur.com/a/Qvbx1Ga
As an oceanic player, bragging about my server on reddit., https://i.redd.it/j4ygspg2vag31.jpg
Grab your sword and fight for horde, https://i.redd.it/6g6yjplueag31.jpg
No barber shop or recustomizations, so I have to agonize over character customization with a dash of wishful thinking in mind., https://i.redd.it/xg4lbsorejf31.png
Mass suicide in Ironforge just before shutdown, https://imgur.com/a/dxJC1ms
Just googled Faerlina to find a picture, found this. It's already begun., https://i.redd.it/5f4tttm7lqf31.jpg
Every guild dealing with survival hunter applications:, https://i.redd.it/8ge6p4lw89g31.gif
Found 3 SW guards fighting the sewer beast next to the Cathedral, https://imgur.com/a/6Co4cUs
Come on now, this is silly, https://i.redd.it/6wvpynot3dg31.jpg
Eastern as PVP servere are looking like, https://i.redd.it/iyd9o4mltbg31.jpg
Sleepover in Brill. WoW Classic is amazing already., https://i.redd.it/85eq05f3vgf31.jpg
The Spanish Inquisition Must Be Stopped, https://i.redd.it/ad7a5r4ye7g31.png
Creativity isn't my strongest suit., https://i.redd.it/hsahkjsag7g31.png
Why'd it have to be on a stress test ;(, https://imgur.com/6QS9bXb
Not sure why everyone hates me..., https://i.redd.it/quvy8sx32dg31.png
When you get the name you wanted, https://i.redd.it/044u2egow7g31.jpg
I'm out of mana, https://i.redd.it/ucrjs6mqo5g31.png
Soy, give me strength!, https://i.redd.it/m3kv2sust4g31.png
The Pacific Server Debate, https://i.redd.it/5hctdmllldg31.png
low-res low-effort oc meme, https://i.redd.it/tmj38i86kog31.jpg
Y'all got anymore of those character slots?, https://i.redd.it/nuscfq0er5g31.jpg
Herod, https://i.redd.it/gr887ppaz5g31.jpg
Lucifron, I’ve never thought that I‘d be in a serious relationship with you but I know, it will be the best time of my life after almost 13yrs. I love you <3, https://i.redd.it/ndhe3mj4ljf31.jpg
Fun isn’t something one considers when balancing the universe. But this… does put a smile on my face., https://imgur.com/Q4kg92g
MAKE AZEROTH GREAT AGIAN!!, https://i.redd.it/atyviw9ht6g31.jpg
Three, take it or leave it!, https://i.redd.it/0tla43yft3g31.png
The struggle, https://i.redd.it/ifd4knmzp6g31.jpg
Only 332 hours left!!!!, https://i.redd.it/vmhc2l9ti4g31.jpg
Welcome to the party Stalagg, https://i.redd.it/sqb2ezt73lg31.png
Me and my little brother leaving retail for classic like, https://i.redd.it/7vqssl5xbdg31.jpg
